product_code,status,category,source_tab,width_cm,length_cm,size_cm,width_ft,length_ft,size_ft,updated_at
3574,active,,VİNTAGE RUG,,,,0,0,0x0,2026-05-12T01:15:35+00:00
4137,active,,VİNTAGE RUG,,,,0,0,0x0,2026-05-12T01:15:35+00:00
4492,active,,VİNTAGE RUG,,,,0,0,0x0,2026-05-12T01:15:35+00:00
4606,active,,VİNTAGE RUG,,,,0,0,0x0,2026-05-12T01:15:35+00:00
4666,active,,VİNTAGE RUG,,,,0,0,0x0,2026-05-12T01:15:35+00:00
4691,active,,VİNTAGE RUG,,,,0,0,0x0,2026-05-12T01:15:35+00:00
4845,active,,VİNTAGE RUG,,,,0,0,0x0,2026-05-12T01:15:35+00:00
4850,active,,VİNTAGE RUG,,,,0,0,0x0,2026-05-12T01:15:35+00:00
4851,active,,VİNTAGE RUG,,,,0,0,0x0,2026-05-12T01:15:35+00:00
4852,active,,VİNTAGE RUG,,,,0,0,0x0,2026-05-12T01:15:35+00:00
4857,active,,VİNTAGE RUG,,,,0,0,0x0,2026-05-12T01:15:35+00:00
4858,active,,VİNTAGE RUG,,,,0,0,0x0,2026-05-12T01:15:35+00:00
4859,active,,VİNTAGE RUG,,,,0,0,0x0,2026-05-12T01:15:35+00:00
4860,active,,VİNTAGE RUG,,,,0,0,0x0,2026-05-12T01:15:35+00:00
4861,active,,VİNTAGE RUG,,,,0,0,0x0,2026-05-12T01:15:35+00:00
4862,active,,VİNTAGE RUG,,,,0,0,0x0,2026-05-12T01:15:35+00:00
4864,active,,VİNTAGE RUG,,,,0,0,0x0,2026-05-12T01:15:35+00:00
4865,active,,VİNTAGE RUG,,,,0,0,0x0,2026-05-12T01:15:35+00:00
4867,active,,VİNTAGE RUG,,,,0,0,0x0,2026-05-12T01:15:35+00:00
4868,active,,VİNTAGE RUG,,,,0,0,0x0,2026-05-12T01:15:35+00:00
4869,active,,VİNTAGE RUG,,,,0,0,0x0,2026-05-12T01:15:35+00:00
4870,active,,VİNTAGE RUG,,,,0,0,0x0,2026-05-12T01:15:35+00:00
4873,active,,VİNTAGE RUG,,,,0,0,0x0,2026-05-12T01:15:35+00:00
4874,active,,VİNTAGE RUG,,,,0,0,0x0,2026-05-12T01:15:35+00:00
4875,active,,VİNTAGE RUG,,,,0,0,0x0,2026-05-12T01:15:35+00:00
4876,active,,VİNTAGE RUG,,,,0,0,0x0,2026-05-12T01:15:35+00:00
4878,active,,VİNTAGE RUG,,,,0,0,0x0,2026-05-12T01:15:35+00:00
4882,active,,VİNTAGE RUG,,,,0,0,0x0,2026-05-12T01:15:35+00:00
4883,active,,VİNTAGE RUG,,,,0,0,0x0,2026-05-12T01:15:35+00:00
4884,active,,VİNTAGE RUG,,,,0,0,0x0,2026-05-12T01:15:35+00:00
4885,active,,VİNTAGE RUG,,,,0,0,0x0,2026-05-12T01:15:35+00:00
4886,active,,VİNTAGE RUG,,,,0,0,0x0,2026-05-12T01:15:35+00:00
4887,active,,VİNTAGE RUG,,,,0,0,0x0,2026-05-12T01:15:35+00:00
4888,active,,VİNTAGE RUG,,,,0,0,0x0,2026-05-12T01:15:35+00:00
4890,active,,VİNTAGE RUG,,,,0,0,0x0,2026-05-12T01:15:35+00:00
4892,active,,VİNTAGE RUG,,,,0,0,0x0,2026-05-12T01:15:35+00:00
4893,active,,VİNTAGE RUG,,,,0,0,0x0,2026-05-12T01:15:35+00:00
4894,active,,VİNTAGE RUG,,,,0,0,0x0,2026-05-12T01:15:35+00:00
4895,active,,VİNTAGE RUG,,,,0,0,0x0,2026-05-12T01:15:35+00:00
4896,active,,VİNTAGE RUG,,,,0,0,0x0,2026-05-12T01:15:35+00:00
4897,active,,VİNTAGE RUG,,,,0,0,0x0,2026-05-12T01:15:35+00:00
4898,active,,VİNTAGE RUG,,,,0,0,0x0,2026-05-12T01:15:35+00:00
4901,active,,VİNTAGE RUG,,,,0,0,0x0,2026-05-12T01:15:35+00:00
4902,active,,VİNTAGE RUG,,,,0,0,0x0,2026-05-12T01:15:35+00:00
4903,active,,VİNTAGE RUG,,,,0,0,0x0,2026-05-12T01:15:35+00:00
4905,active,,VİNTAGE RUG,,,,0,0,0x0,2026-05-12T01:15:35+00:00
4907,active,,VİNTAGE RUG,,,,0,0,0x0,2026-05-12T01:15:35+00:00
4909,active,,VİNTAGE RUG,,,,0,0,0x0,2026-05-12T01:15:35+00:00
4910,active,,VİNTAGE RUG,,,,0,0,0x0,2026-05-12T01:15:35+00:00
4912,active,,VİNTAGE RUG,,,,0,0,0x0,2026-05-12T01:15:35+00:00
4922,active,,VİNTAGE RUG,,,,0,0,0x0,2026-05-12T01:15:35+00:00
4925,active,,VİNTAGE RUG,,,,0,0,0x0,2026-05-12T01:15:35+00:00
4926,active,,VİNTAGE RUG,,,,0,0,0x0,2026-05-12T01:15:35+00:00
4929,active,,VİNTAGE RUG,,,,0,0,0x0,2026-05-12T01:15:35+00:00
4932,active,,VİNTAGE RUG,,,,0,0,0x0,2026-05-12T01:15:35+00:00
4933,active,,VİNTAGE RUG,,,,0,0,0x0,2026-05-12T01:15:35+00:00
4934,active,,VİNTAGE RUG,,,,0,0,0x0,2026-05-12T01:15:35+00:00
4935,active,,VİNTAGE RUG,,,,0,0,0x0,2026-05-12T01:15:35+00:00
4936,active,,VİNTAGE RUG,,,,0,0,0x0,2026-05-12T01:15:35+00:00
4938,active,,VİNTAGE RUG,,,,0,0,0x0,2026-05-12T01:15:35+00:00
4939,active,,VİNTAGE RUG,,,,0,0,0x0,2026-05-12T01:15:35+00:00
4940,active,,VİNTAGE RUG,,,,0,0,0x0,2026-05-12T01:15:35+00:00
4941,active,,VİNTAGE RUG,,,,0,0,0x0,2026-05-12T01:15:35+00:00
4942,active,,VİNTAGE RUG,,,,0,0,0x0,2026-05-12T01:15:35+00:00
4943,active,,VİNTAGE RUG,,,,0,0,0x0,2026-05-12T01:15:35+00:00
4944,active,,VİNTAGE RUG,,,,0,0,0x0,2026-05-12T01:15:35+00:00
4945,active,,VİNTAGE RUG,,,,0,0,0x0,2026-05-12T01:15:35+00:00
4947,active,,VİNTAGE RUG,,,,0,0,0x0,2026-05-12T01:15:35+00:00
4948,active,,VİNTAGE RUG,,,,0,0,0x0,2026-05-12T01:15:35+00:00
4950,active,,VİNTAGE RUG,,,,0,0,0x0,2026-05-12T01:15:35+00:00
4952,active,,VİNTAGE RUG,,,,0,0,0x0,2026-05-12T01:15:35+00:00
4953,active,,VİNTAGE RUG,,,,0,0,0x0,2026-05-12T01:15:35+00:00
4954,active,,VİNTAGE RUG,,,,0,0,0x0,2026-05-12T01:15:35+00:00
4955,active,,VİNTAGE RUG,,,,0,0,0x0,2026-05-12T01:15:35+00:00
4957,active,,VİNTAGE RUG,,,,0,0,0x0,2026-05-12T01:15:35+00:00
4960,active,,VİNTAGE RUG,,,,0,0,0x0,2026-05-12T01:15:35+00:00
4961,active,,VİNTAGE RUG,,,,0,0,0x0,2026-05-12T01:15:35+00:00
4962,active,,VİNTAGE RUG,,,,0,0,0x0,2026-05-12T01:15:35+00:00
4963,active,,VİNTAGE RUG,,,,0,0,0x0,2026-05-12T01:15:35+00:00
4965,active,,VİNTAGE RUG,,,,0,0,0x0,2026-05-12T01:15:35+00:00
4967,active,,VİNTAGE RUG,,,,0,0,0x0,2026-05-12T01:15:35+00:00
4968,active,,VİNTAGE RUG,,,,0,0,0x0,2026-05-12T01:15:35+00:00
4969,active,,VİNTAGE RUG,,,,0,0,0x0,2026-05-12T01:15:35+00:00
4971,active,,VİNTAGE RUG,,,,0,0,0x0,2026-05-12T01:15:35+00:00
4972,active,,VİNTAGE RUG,,,,0,0,0x0,2026-05-12T01:15:35+00:00
4974,active,,VİNTAGE RUG,,,,0,0,0x0,2026-05-12T01:15:35+00:00
4975,active,,VİNTAGE RUG,,,,0,0,0x0,2026-05-12T01:15:35+00:00
4977,active,,VİNTAGE RUG,,,,0,0,0x0,2026-05-12T01:15:35+00:00
4979,active,,VİNTAGE RUG,,,,0,0,0x0,2026-05-12T01:15:35+00:00
4981,active,,VİNTAGE RUG,,,,0,0,0x0,2026-05-12T01:15:35+00:00
4982,active,,VİNTAGE RUG,,,,0,0,0x0,2026-05-12T01:15:35+00:00
4983,active,,VİNTAGE RUG,,,,0,0,0x0,2026-05-12T01:15:35+00:00
4985,active,,VİNTAGE RUG,,,,0,0,0x0,2026-05-12T01:15:35+00:00
4986,active,,VİNTAGE RUG,,,,0,0,0x0,2026-05-12T01:15:35+00:00
4987,active,,VİNTAGE RUG,,,,0,0,0x0,2026-05-12T01:15:35+00:00
4989,active,,VİNTAGE RUG,,,,0,0,0x0,2026-05-12T01:15:35+00:00
4990,active,,VİNTAGE RUG,,,,0,0,0x0,2026-05-12T01:15:35+00:00
4991,active,,VİNTAGE RUG,,,,0,0,0x0,2026-05-12T01:15:35+00:00
4993,active,,VİNTAGE RUG,,,,0,0,0x0,2026-05-12T01:15:35+00:00
4995,active,,VİNTAGE RUG,,,,0,0,0x0,2026-05-12T01:15:35+00:00
4996,active,,VİNTAGE RUG,,,,0,0,0x0,2026-05-12T01:15:35+00:00
4999,active,,VİNTAGE RUG,,,,0,0,0x0,2026-05-12T01:15:35+00:00
5002,active,,VİNTAGE RUG,,,,0,0,0x0,2026-05-12T01:15:35+00:00
5003,active,,VİNTAGE RUG,,,,0,0,0x0,2026-05-12T01:15:35+00:00
5004,active,,VİNTAGE RUG,,,,0,0,0x0,2026-05-12T01:15:35+00:00
5005,active,,VİNTAGE RUG,,,,0,0,0x0,2026-05-12T01:15:35+00:00
5006,active,,VİNTAGE RUG,,,,0,0,0x0,2026-05-12T01:15:35+00:00
5008,active,,VİNTAGE RUG,,,,0,0,0x0,2026-05-12T01:15:35+00:00
5009,active,,VİNTAGE RUG,,,,0,0,0x0,2026-05-12T01:15:35+00:00
5010,active,,VİNTAGE RUG,,,,0,0,0x0,2026-05-12T01:15:35+00:00
5011,active,,VİNTAGE RUG,,,,0,0,0x0,2026-05-12T01:15:35+00:00
5014,active,,VİNTAGE RUG,,,,0,0,0x0,2026-05-12T01:15:35+00:00
5015,active,,VİNTAGE RUG,,,,0,0,0x0,2026-05-12T01:15:35+00:00
5017,active,,VİNTAGE RUG,,,,0,0,0x0,2026-05-12T01:15:35+00:00
5018,active,,VİNTAGE RUG,,,,0,0,0x0,2026-05-12T01:15:35+00:00
5019,active,,VİNTAGE RUG,,,,0,0,0x0,2026-05-12T01:15:35+00:00
5021,active,,VİNTAGE RUG,,,,0,0,0x0,2026-05-12T01:15:35+00:00
5022,active,,VİNTAGE RUG,,,,0,0,0x0,2026-05-12T01:15:35+00:00
5024,active,,VİNTAGE RUG,,,,0,0,0x0,2026-05-12T01:15:35+00:00
5031,active,,VİNTAGE RUG,,,,0,0,0x0,2026-05-12T01:15:35+00:00
5032,active,,VİNTAGE RUG,,,,0,0,0x0,2026-05-12T01:15:35+00:00
5033,active,,VİNTAGE RUG,,,,0,0,0x0,2026-05-12T01:15:35+00:00
5034,active,,VİNTAGE RUG,,,,0,0,0x0,2026-05-12T01:15:35+00:00
5035,active,,VİNTAGE RUG,,,,0,0,0x0,2026-05-12T01:15:35+00:00
5036,active,,VİNTAGE RUG,,,,0,0,0x0,2026-05-12T01:15:35+00:00
5037,active,,VİNTAGE RUG,,,,0,0,0x0,2026-05-12T01:15:35+00:00
5039,active,,VİNTAGE RUG,,,,0,0,0x0,2026-05-12T01:15:35+00:00
5040,active,,VİNTAGE RUG,,,,0,0,0x0,2026-05-12T01:15:35+00:00
5041,active,,VİNTAGE RUG,,,,0,0,0x0,2026-05-12T01:15:35+00:00
5042,active,,VİNTAGE RUG,,,,0,0,0x0,2026-05-12T01:15:35+00:00
5043,active,,VİNTAGE RUG,,,,0,0,0x0,2026-05-12T01:15:35+00:00
5044,active,,VİNTAGE RUG,,,,0,0,0x0,2026-05-12T01:15:35+00:00
5049,active,,VİNTAGE RUG,,,,0,0,0x0,2026-05-12T01:15:35+00:00
5051,active,,VİNTAGE RUG,,,,0,0,0x0,2026-05-12T01:15:35+00:00
5053,active,,VİNTAGE RUG,,,,0,0,0x0,2026-05-12T01:15:35+00:00
5055,active,,VİNTAGE RUG,,,,0,0,0x0,2026-05-12T01:15:35+00:00
5061,active,,VİNTAGE RUG,,,,0,0,0x0,2026-05-12T01:15:35+00:00
5062,active,,VİNTAGE RUG,,,,0,0,0x0,2026-05-12T01:15:35+00:00
5063,active,,VİNTAGE RUG,,,,0,0,0x0,2026-05-12T01:15:35+00:00
5064,active,,VİNTAGE RUG,,,,0,0,0x0,2026-05-12T01:15:35+00:00
5065,active,,VİNTAGE RUG,,,,0,0,0x0,2026-05-12T01:15:35+00:00
5068,active,,VİNTAGE RUG,,,,0,0,0x0,2026-05-12T01:15:35+00:00
5069,active,,VİNTAGE RUG,,,,0,0,0x0,2026-05-12T01:15:35+00:00
5071,active,,VİNTAGE RUG,,,,0,0,0x0,2026-05-12T01:15:35+00:00
5072,active,,VİNTAGE RUG,,,,0,0,0x0,2026-05-12T01:15:35+00:00
5073,active,,VİNTAGE RUG,,,,0,0,0x0,2026-05-12T01:15:35+00:00
5074,active,,VİNTAGE RUG,,,,0,0,0x0,2026-05-12T01:15:35+00:00
5075,active,,VİNTAGE RUG,,,,0,0,0x0,2026-05-12T01:15:35+00:00
5076,active,,VİNTAGE RUG,,,,0,0,0x0,2026-05-12T01:15:35+00:00
5077,active,,VİNTAGE RUG,,,,0,0,0x0,2026-05-12T01:15:35+00:00
5078,active,,VİNTAGE RUG,,,,0,0,0x0,2026-05-12T01:15:35+00:00
5079,active,,VİNTAGE RUG,,,,0,0,0x0,2026-05-12T01:15:35+00:00
5080,active,,VİNTAGE RUG,,,,0,0,0x0,2026-05-12T01:15:35+00:00
5081,active,,VİNTAGE RUG,,,,0,0,0x0,2026-05-12T01:15:35+00:00
5082,active,,VİNTAGE RUG,,,,0,0,0x0,2026-05-12T01:15:35+00:00
5083,active,,VİNTAGE RUG,,,,0,0,0x0,2026-05-12T01:15:35+00:00
5084,active,,VİNTAGE RUG,,,,0,0,0x0,2026-05-12T01:15:35+00:00
5085,active,,VİNTAGE RUG,,,,0,0,0x0,2026-05-12T01:15:35+00:00
5086,active,,VİNTAGE RUG,,,,0,0,0x0,2026-05-12T01:15:35+00:00
5087,active,,VİNTAGE RUG,,,,0,0,0x0,2026-05-12T01:15:35+00:00
5088,active,,VİNTAGE RUG,,,,0,0,0x0,2026-05-12T01:15:35+00:00
5089,active,,VİNTAGE RUG,,,,0,0,0x0,2026-05-12T01:15:35+00:00
5090,active,,VİNTAGE RUG,,,,0,0,0x0,2026-05-12T01:15:35+00:00
5091,active,,VİNTAGE RUG,,,,0,0,0x0,2026-05-12T01:15:35+00:00
5092,active,,VİNTAGE RUG,,,,0,0,0x0,2026-05-12T01:15:35+00:00
5093,active,,VİNTAGE RUG,,,,0,0,0x0,2026-05-12T01:15:35+00:00
5094,active,,VİNTAGE RUG,,,,0,0,0x0,2026-05-12T01:15:35+00:00
5095,active,,VİNTAGE RUG,,,,0,0,0x0,2026-05-12T01:15:35+00:00
5096,active,,VİNTAGE RUG,,,,0,0,0x0,2026-05-12T01:15:35+00:00
5097,active,,VİNTAGE RUG,,,,0,0,0x0,2026-05-12T01:15:35+00:00
5098,active,,VİNTAGE RUG,,,,0,0,0x0,2026-05-12T01:15:35+00:00
5099,active,,VİNTAGE RUG,,,,0,0,0x0,2026-05-12T01:15:35+00:00
5100,active,,VİNTAGE RUG,,,,0,0,0x0,2026-05-12T01:15:35+00:00
5101,active,,VİNTAGE RUG,,,,0,0,0x0,2026-05-12T01:15:35+00:00
5102,active,,VİNTAGE RUG,,,,0,0,0x0,2026-05-12T01:15:35+00:00
5103,active,,VİNTAGE RUG,,,,0,0,0x0,2026-05-12T01:15:35+00:00
5104,active,,VİNTAGE RUG,,,,0,0,0x0,2026-05-12T01:15:35+00:00
5105,active,,VİNTAGE RUG,,,,0,0,0x0,2026-05-12T01:15:35+00:00
5106,active,,VİNTAGE RUG,,,,0,0,0x0,2026-05-12T01:15:35+00:00
5107,active,,VİNTAGE RUG,,,,0,0,0x0,2026-05-12T01:15:35+00:00
5108,active,,VİNTAGE RUG,,,,0,0,0x0,2026-05-12T01:15:35+00:00
5109,active,,VİNTAGE RUG,,,,0,0,0x0,2026-05-12T01:15:35+00:00
5110,active,,VİNTAGE RUG,,,,0,0,0x0,2026-05-12T01:15:35+00:00
5111,active,,VİNTAGE RUG,,,,0,0,0x0,2026-05-12T01:15:35+00:00
5112,active,,VİNTAGE RUG,,,,0,0,0x0,2026-05-12T01:15:35+00:00
5113,active,,VİNTAGE RUG,,,,0,0,0x0,2026-05-12T01:15:35+00:00
5114,active,,VİNTAGE RUG,,,,0,0,0x0,2026-05-12T01:15:35+00:00
5115,active,,VİNTAGE RUG,,,,0,0,0x0,2026-05-12T01:15:35+00:00
5116,active,,VİNTAGE RUG,,,,0,0,0x0,2026-05-12T01:15:35+00:00
5117,active,,VİNTAGE RUG,,,,0,0,0x0,2026-05-12T01:15:35+00:00
5118,active,,VİNTAGE RUG,,,,0,0,0x0,2026-05-12T01:15:35+00:00
5119,active,,VİNTAGE RUG,,,,0,0,0x0,2026-05-12T01:15:35+00:00
5120,active,,VİNTAGE RUG,,,,0,0,0x0,2026-05-12T01:15:35+00:00
5121,active,,VİNTAGE RUG,,,,0,0,0x0,2026-05-12T01:15:35+00:00
5122,active,,VİNTAGE RUG,,,,0,0,0x0,2026-05-12T01:15:35+00:00
5123,active,,VİNTAGE RUG,,,,0,0,0x0,2026-05-12T01:15:35+00:00
5124,active,,VİNTAGE RUG,,,,0,0,0x0,2026-05-12T01:15:35+00:00
5125,active,,VİNTAGE RUG,,,,0,0,0x0,2026-05-12T01:15:35+00:00
5126,active,,VİNTAGE RUG,,,,0,0,0x0,2026-05-12T01:15:35+00:00
5127,active,,VİNTAGE RUG,,,,0,0,0x0,2026-05-12T01:15:35+00:00
5128,active,,VİNTAGE RUG,,,,0,0,0x0,2026-05-12T01:15:35+00:00
5129,active,,VİNTAGE RUG,,,,0,0,0x0,2026-05-12T01:15:35+00:00
5130,active,,VİNTAGE RUG,,,,0,0,0x0,2026-05-12T01:15:35+00:00
E-100,active,,VİNTAGE RUG,,,,0,0,0x0,2026-05-12T01:15:35+00:00
E-101,active,,VİNTAGE RUG,,,,0,0,0x0,2026-05-12T01:15:35+00:00
E-11,active,,VİNTAGE RUG,,,,0,0,0x0,2026-05-12T01:15:35+00:00
E-12,active,,VİNTAGE RUG,,,,0,0,0x0,2026-05-12T01:15:35+00:00
E-123,active,,VİNTAGE RUG,,,,0,0,0x0,2026-05-12T01:15:35+00:00
E-124,active,,VİNTAGE RUG,,,,0,0,0x0,2026-05-12T01:15:35+00:00
E-125,active,,VİNTAGE RUG,,,,0,0,0x0,2026-05-12T01:15:35+00:00
E-126,active,,VİNTAGE RUG,,,,0,0,0x0,2026-05-12T01:15:35+00:00
E-127,active,,VİNTAGE RUG,,,,0,0,0x0,2026-05-12T01:15:35+00:00
E-128,active,,VİNTAGE RUG,,,,0,0,0x0,2026-05-12T01:15:35+00:00
E-129,active,,VİNTAGE RUG,,,,0,0,0x0,2026-05-12T01:15:35+00:00
E-13,active,,VİNTAGE RUG,,,,0,0,0x0,2026-05-12T01:15:35+00:00
E-131,active,,VİNTAGE RUG,,,,0,0,0x0,2026-05-12T01:15:35+00:00
E-132,active,,VİNTAGE RUG,,,,0,0,0x0,2026-05-12T01:15:35+00:00
E-133,active,,VİNTAGE RUG,,,,0,0,0x0,2026-05-12T01:15:35+00:00
E-134,active,,VİNTAGE RUG,,,,0,0,0x0,2026-05-12T01:15:35+00:00
E-135,active,,VİNTAGE RUG,,,,0,0,0x0,2026-05-12T01:15:35+00:00
E-136,active,,VİNTAGE RUG,,,,0,0,0x0,2026-05-12T01:15:35+00:00
E-137,active,,VİNTAGE RUG,,,,0,0,0x0,2026-05-12T01:15:35+00:00
E-138,active,,VİNTAGE RUG,,,,0,0,0x0,2026-05-12T01:15:35+00:00
E-139,active,,VİNTAGE RUG,,,,0,0,0x0,2026-05-12T01:15:35+00:00
E-14,active,,VİNTAGE RUG,,,,0,0,0x0,2026-05-12T01:15:35+00:00
E-140,active,,VİNTAGE RUG,,,,0,0,0x0,2026-05-12T01:15:35+00:00
E-141,active,,VİNTAGE RUG,,,,0,0,0x0,2026-05-12T01:15:35+00:00
E-142,active,,VİNTAGE RUG,,,,0,0,0x0,2026-05-12T01:15:35+00:00
E-143,active,,VİNTAGE RUG,,,,0,0,0x0,2026-05-12T01:15:35+00:00
E-144,active,,VİNTAGE RUG,,,,0,0,0x0,2026-05-12T01:15:35+00:00
E-145,active,,VİNTAGE RUG,,,,0,0,0x0,2026-05-12T01:15:35+00:00
E-146,active,,VİNTAGE RUG,,,,0,0,0x0,2026-05-12T01:15:35+00:00
E-147,active,,VİNTAGE RUG,,,,0,0,0x0,2026-05-12T01:15:35+00:00
E-148,active,,VİNTAGE RUG,,,,0,0,0x0,2026-05-12T01:15:35+00:00
E-149,active,,VİNTAGE RUG,,,,0,0,0x0,2026-05-12T01:15:35+00:00
E-15,active,,VİNTAGE RUG,,,,0,0,0x0,2026-05-12T01:15:35+00:00
E-150,active,,VİNTAGE RUG,,,,0,0,0x0,2026-05-12T01:15:35+00:00
E-152,active,,VİNTAGE RUG,,,,0,0,0x0,2026-05-12T01:15:35+00:00
E-153,active,,VİNTAGE RUG,,,,0,0,0x0,2026-05-12T01:15:35+00:00
E-154,active,,VİNTAGE RUG,,,,0,0,0x0,2026-05-12T01:15:35+00:00
E-155,active,,VİNTAGE RUG,,,,0,0,0x0,2026-05-12T01:15:35+00:00
E-156,active,,VİNTAGE RUG,,,,0,0,0x0,2026-05-12T01:15:35+00:00
E-157,active,,VİNTAGE RUG,,,,0,0,0x0,2026-05-12T01:15:35+00:00
E-158,active,,VİNTAGE RUG,,,,0,0,0x0,2026-05-12T01:15:35+00:00
E-159,active,,VİNTAGE RUG,,,,0,0,0x0,2026-05-12T01:15:35+00:00
E-16,active,,VİNTAGE RUG,,,,0,0,0x0,2026-05-12T01:15:35+00:00
E-160,active,,VİNTAGE RUG,,,,0,0,0x0,2026-05-12T01:15:35+00:00
E-162,active,,VİNTAGE RUG,,,,0,0,0x0,2026-05-12T01:15:35+00:00
E-163,active,,VİNTAGE RUG,,,,0,0,0x0,2026-05-12T01:15:35+00:00
E-164,active,,VİNTAGE RUG,,,,0,0,0x0,2026-05-12T01:15:35+00:00
E-165,active,,VİNTAGE RUG,,,,0,0,0x0,2026-05-12T01:15:35+00:00
E-166,active,,VİNTAGE RUG,,,,0,0,0x0,2026-05-12T01:15:35+00:00
E-167,active,,VİNTAGE RUG,,,,0,0,0x0,2026-05-12T01:15:35+00:00
E-168,active,,VİNTAGE RUG,,,,0,0,0x0,2026-05-12T01:15:35+00:00
E-169,active,,VİNTAGE RUG,,,,0,0,0x0,2026-05-12T01:15:35+00:00
E-17,active,,VİNTAGE RUG,,,,0,0,0x0,2026-05-12T01:15:35+00:00
E-170,active,,VİNTAGE RUG,,,,0,0,0x0,2026-05-12T01:15:35+00:00
E-171,active,,VİNTAGE RUG,,,,0,0,0x0,2026-05-12T01:15:35+00:00
E-172,active,,VİNTAGE RUG,,,,0,0,0x0,2026-05-12T01:15:35+00:00
E-173,active,,VİNTAGE RUG,,,,0,0,0x0,2026-05-12T01:15:35+00:00
E-174,active,,VİNTAGE RUG,,,,0,0,0x0,2026-05-12T01:15:35+00:00
E-175,active,,VİNTAGE RUG,,,,0,0,0x0,2026-05-12T01:15:35+00:00
E-176,active,,VİNTAGE RUG,,,,0,0,0x0,2026-05-12T01:15:35+00:00
E-177,active,,VİNTAGE RUG,,,,0,0,0x0,2026-05-12T01:15:35+00:00
E-178,active,,VİNTAGE RUG,,,,0,0,0x0,2026-05-12T01:15:35+00:00
E-179,active,,VİNTAGE RUG,,,,0,0,0x0,2026-05-12T01:15:35+00:00
E-18,active,,VİNTAGE RUG,,,,0,0,0x0,2026-05-12T01:15:35+00:00
E-180,active,,VİNTAGE RUG,,,,0,0,0x0,2026-05-12T01:15:35+00:00
E-181,active,,VİNTAGE RUG,,,,0,0,0x0,2026-05-12T01:15:35+00:00
E-182,active,,VİNTAGE RUG,,,,0,0,0x0,2026-05-12T01:15:35+00:00
E-183,active,,VİNTAGE RUG,,,,0,0,0x0,2026-05-12T01:15:35+00:00
E-184,active,,VİNTAGE RUG,,,,0,0,0x0,2026-05-12T01:15:35+00:00
E-185,active,,VİNTAGE RUG,,,,0,0,0x0,2026-05-12T01:15:35+00:00
E-186,active,,VİNTAGE RUG,,,,0,0,0x0,2026-05-12T01:15:35+00:00
E-187,active,,VİNTAGE RUG,,,,0,0,0x0,2026-05-12T01:15:35+00:00
E-188,active,,VİNTAGE RUG,,,,0,0,0x0,2026-05-12T01:15:35+00:00
E-189,active,,VİNTAGE RUG,,,,0,0,0x0,2026-05-12T01:15:35+00:00
E-19,active,,VİNTAGE RUG,,,,0,0,0x0,2026-05-12T01:15:35+00:00
E-190,active,,VİNTAGE RUG,,,,0,0,0x0,2026-05-12T01:15:35+00:00
E-191,active,,VİNTAGE RUG,,,,0,0,0x0,2026-05-12T01:15:35+00:00
E-192,active,,VİNTAGE RUG,,,,0,0,0x0,2026-05-12T01:15:35+00:00
E-193,active,,VİNTAGE RUG,,,,0,0,0x0,2026-05-12T01:15:35+00:00
E-194,active,,VİNTAGE RUG,,,,0,0,0x0,2026-05-12T01:15:35+00:00
E-195,active,,VİNTAGE RUG,,,,0,0,0x0,2026-05-12T01:15:35+00:00
E-196,active,,VİNTAGE RUG,,,,0,0,0x0,2026-05-12T01:15:35+00:00
E-197,active,,VİNTAGE RUG,,,,0,0,0x0,2026-05-12T01:15:35+00:00
E-198,active,,VİNTAGE RUG,,,,0,0,0x0,2026-05-12T01:15:35+00:00
E-199,active,,VİNTAGE RUG,,,,0,0,0x0,2026-05-12T01:15:35+00:00
E-20,active,,VİNTAGE RUG,,,,0,0,0x0,2026-05-12T01:15:35+00:00
E-200,active,,VİNTAGE RUG,,,,0,0,0x0,2026-05-12T01:15:35+00:00
E-201,active,,VİNTAGE RUG,,,,0,0,0x0,2026-05-12T01:15:35+00:00
E-202,active,,VİNTAGE RUG,,,,0,0,0x0,2026-05-12T01:15:35+00:00
E-203,active,,VİNTAGE RUG,,,,0,0,0x0,2026-05-12T01:15:35+00:00
E-204,active,,VİNTAGE RUG,,,,0,0,0x0,2026-05-12T01:15:35+00:00
E-205,active,,VİNTAGE RUG,,,,0,0,0x0,2026-05-12T01:15:35+00:00
E-207,active,,VİNTAGE RUG,,,,0,0,0x0,2026-05-12T01:15:35+00:00
E-208,active,,VİNTAGE RUG,,,,0,0,0x0,2026-05-12T01:15:35+00:00
E-209,active,,VİNTAGE RUG,,,,0,0,0x0,2026-05-12T01:15:35+00:00
E-21,active,,VİNTAGE RUG,,,,0,0,0x0,2026-05-12T01:15:35+00:00
E-210,active,,VİNTAGE RUG,,,,0,0,0x0,2026-05-12T01:15:35+00:00
E-211,active,,VİNTAGE RUG,,,,0,0,0x0,2026-05-12T01:15:35+00:00
E-212,active,,VİNTAGE RUG,,,,0,0,0x0,2026-05-12T01:15:35+00:00
E-213,active,,VİNTAGE RUG,,,,0,0,0x0,2026-05-12T01:15:35+00:00
E-214,active,,VİNTAGE RUG,,,,0,0,0x0,2026-05-12T01:15:35+00:00
E-215,active,,VİNTAGE RUG,,,,0,0,0x0,2026-05-12T01:15:35+00:00
E-216,active,,VİNTAGE RUG,,,,0,0,0x0,2026-05-12T01:15:35+00:00
E-217,active,,VİNTAGE RUG,,,,0,0,0x0,2026-05-12T01:15:35+00:00
E-218,active,,VİNTAGE RUG,,,,0,0,0x0,2026-05-12T01:15:35+00:00
E-22,active,,VİNTAGE RUG,,,,0,0,0x0,2026-05-12T01:15:35+00:00
E-23,active,,VİNTAGE RUG,,,,0,0,0x0,2026-05-12T01:15:35+00:00
E-24,active,,VİNTAGE RUG,,,,0,0,0x0,2026-05-12T01:15:35+00:00
E-25,active,,VİNTAGE RUG,,,,0,0,0x0,2026-05-12T01:15:35+00:00
E-26,active,,VİNTAGE RUG,,,,0,0,0x0,2026-05-12T01:15:35+00:00
E-27,active,,VİNTAGE RUG,,,,0,0,0x0,2026-05-12T01:15:35+00:00
E-28,active,,VİNTAGE RUG,,,,0,0,0x0,2026-05-12T01:15:35+00:00
E-29,active,,VİNTAGE RUG,,,,0,0,0x0,2026-05-12T01:15:35+00:00
E-3,active,,VİNTAGE RUG,,,,0,0,0x0,2026-05-12T01:15:35+00:00
E-30,active,,VİNTAGE RUG,,,,0,0,0x0,2026-05-12T01:15:35+00:00
E-31,active,,VİNTAGE RUG,,,,0,0,0x0,2026-05-12T01:15:35+00:00
E-32,active,,VİNTAGE RUG,,,,0,0,0x0,2026-05-12T01:15:35+00:00
E-325,active,,VİNTAGE RUG,,,,0,0,0x0,2026-05-12T01:15:35+00:00
E-326,active,,VİNTAGE RUG,,,,0,0,0x0,2026-05-12T01:15:35+00:00
E-327,active,,VİNTAGE RUG,,,,0,0,0x0,2026-05-12T01:15:35+00:00
E-328,active,,VİNTAGE RUG,,,,0,0,0x0,2026-05-12T01:15:35+00:00
E-329,active,,VİNTAGE RUG,,,,0,0,0x0,2026-05-12T01:15:35+00:00
E-33,active,,VİNTAGE RUG,,,,0,0,0x0,2026-05-12T01:15:35+00:00
E-330,active,,VİNTAGE RUG,,,,0,0,0x0,2026-05-12T01:15:35+00:00
E-331,active,,VİNTAGE RUG,,,,0,0,0x0,2026-05-12T01:15:35+00:00
E-332,active,,VİNTAGE RUG,,,,0,0,0x0,2026-05-12T01:15:35+00:00
E-333,active,,VİNTAGE RUG,,,,0,0,0x0,2026-05-12T01:15:35+00:00
E-334,active,,VİNTAGE RUG,,,,0,0,0x0,2026-05-12T01:15:35+00:00
E-335,active,,VİNTAGE RUG,,,,0,0,0x0,2026-05-12T01:15:35+00:00
E-336,active,,VİNTAGE RUG,,,,0,0,0x0,2026-05-12T01:15:35+00:00
E-337,active,,VİNTAGE RUG,,,,0,0,0x0,2026-05-12T01:15:35+00:00
E-338,active,,VİNTAGE RUG,,,,0,0,0x0,2026-05-12T01:15:35+00:00
E-339,active,,VİNTAGE RUG,,,,0,0,0x0,2026-05-12T01:15:35+00:00
E-34,active,,VİNTAGE RUG,,,,0,0,0x0,2026-05-12T01:15:35+00:00
E-340,active,,VİNTAGE RUG,,,,0,0,0x0,2026-05-12T01:15:35+00:00
E-341,active,,VİNTAGE RUG,,,,0,0,0x0,2026-05-12T01:15:35+00:00
E-342,active,,VİNTAGE RUG,,,,0,0,0x0,2026-05-12T01:15:35+00:00
E-343,active,,VİNTAGE RUG,,,,0,0,0x0,2026-05-12T01:15:35+00:00
E-344,active,,VİNTAGE RUG,,,,0,0,0x0,2026-05-12T01:15:35+00:00
E-345,active,,VİNTAGE RUG,,,,0,0,0x0,2026-05-12T01:15:35+00:00
E-346,active,,VİNTAGE RUG,,,,0,0,0x0,2026-05-12T01:15:35+00:00
E-347,active,,VİNTAGE RUG,,,,0,0,0x0,2026-05-12T01:15:35+00:00
E-348,active,,VİNTAGE RUG,,,,0,0,0x0,2026-05-12T01:15:35+00:00
E-349,active,,VİNTAGE RUG,,,,0,0,0x0,2026-05-12T01:15:35+00:00
E-35,active,,VİNTAGE RUG,,,,0,0,0x0,2026-05-12T01:15:35+00:00
E-350,active,,VİNTAGE RUG,,,,0,0,0x0,2026-05-12T01:15:35+00:00
E-351,active,,VİNTAGE RUG,,,,0,0,0x0,2026-05-12T01:15:35+00:00
E-352,active,,VİNTAGE RUG,,,,0,0,0x0,2026-05-12T01:15:35+00:00
E-353,active,,VİNTAGE RUG,,,,0,0,0x0,2026-05-12T01:15:35+00:00
E-354,active,,VİNTAGE RUG,,,,0,0,0x0,2026-05-12T01:15:35+00:00
E-355,active,,VİNTAGE RUG,,,,0,0,0x0,2026-05-12T01:15:35+00:00
E-356,active,,VİNTAGE RUG,,,,0,0,0x0,2026-05-12T01:15:35+00:00
E-357,active,,VİNTAGE RUG,,,,0,0,0x0,2026-05-12T01:15:35+00:00
E-358,active,,VİNTAGE RUG,,,,0,0,0x0,2026-05-12T01:15:35+00:00
E-359,active,,VİNTAGE RUG,,,,0,0,0x0,2026-05-12T01:15:35+00:00
E-36,active,,VİNTAGE RUG,,,,0,0,0x0,2026-05-12T01:15:35+00:00
E-360,active,,VİNTAGE RUG,,,,0,0,0x0,2026-05-12T01:15:35+00:00
E-361,active,,VİNTAGE RUG,,,,0,0,0x0,2026-05-12T01:15:35+00:00
E-362,active,,VİNTAGE RUG,,,,0,0,0x0,2026-05-12T01:15:35+00:00
E-363,active,,VİNTAGE RUG,,,,0,0,0x0,2026-05-12T01:15:35+00:00
E-364,active,,VİNTAGE RUG,,,,0,0,0x0,2026-05-12T01:15:35+00:00
E-365,active,,VİNTAGE RUG,,,,0,0,0x0,2026-05-12T01:15:35+00:00
E-366,active,,VİNTAGE RUG,,,,0,0,0x0,2026-05-12T01:15:35+00:00
E-367,active,,VİNTAGE RUG,,,,0,0,0x0,2026-05-12T01:15:35+00:00
E-368,active,,VİNTAGE RUG,,,,0,0,0x0,2026-05-12T01:15:35+00:00
E-369,active,,VİNTAGE RUG,,,,0,0,0x0,2026-05-12T01:15:35+00:00
E-37,active,,VİNTAGE RUG,,,,0,0,0x0,2026-05-12T01:15:35+00:00
E-370,active,,VİNTAGE RUG,,,,0,0,0x0,2026-05-12T01:15:35+00:00
E-371,active,,VİNTAGE RUG,,,,0,0,0x0,2026-05-12T01:15:35+00:00
E-372,active,,VİNTAGE RUG,,,,0,0,0x0,2026-05-12T01:15:35+00:00
E-373,active,,VİNTAGE RUG,,,,0,0,0x0,2026-05-12T01:15:35+00:00
E-374,active,,VİNTAGE RUG,,,,0,0,0x0,2026-05-12T01:15:35+00:00
E-375,active,,VİNTAGE RUG,,,,0,0,0x0,2026-05-12T01:15:35+00:00
E-376,active,,VİNTAGE RUG,,,,0,0,0x0,2026-05-12T01:15:35+00:00
E-377,active,,VİNTAGE RUG,,,,0,0,0x0,2026-05-12T01:15:35+00:00
E-378,active,,VİNTAGE RUG,,,,0,0,0x0,2026-05-12T01:15:35+00:00
E-379,active,,VİNTAGE RUG,,,,0,0,0x0,2026-05-12T01:15:35+00:00
E-38,active,,VİNTAGE RUG,,,,0,0,0x0,2026-05-12T01:15:35+00:00
E-380,active,,VİNTAGE RUG,,,,0,0,0x0,2026-05-12T01:15:35+00:00
E-381,active,,VİNTAGE RUG,,,,0,0,0x0,2026-05-12T01:15:35+00:00
E-382,active,,VİNTAGE RUG,,,,0,0,0x0,2026-05-12T01:15:35+00:00
E-383,active,,VİNTAGE RUG,,,,0,0,0x0,2026-05-12T01:15:35+00:00
E-384,active,,VİNTAGE RUG,,,,0,0,0x0,2026-05-12T01:15:35+00:00
E-385,active,,VİNTAGE RUG,,,,0,0,0x0,2026-05-12T01:15:35+00:00
E-386,active,,VİNTAGE RUG,,,,0,0,0x0,2026-05-12T01:15:35+00:00
E-387,active,,VİNTAGE RUG,,,,0,0,0x0,2026-05-12T01:15:35+00:00
E-388,active,,VİNTAGE RUG,,,,0,0,0x0,2026-05-12T01:15:35+00:00
E-389,active,,VİNTAGE RUG,,,,0,0,0x0,2026-05-12T01:15:35+00:00
E-39,active,,VİNTAGE RUG,,,,0,0,0x0,2026-05-12T01:15:35+00:00
E-390,active,,VİNTAGE RUG,,,,0,0,0x0,2026-05-12T01:15:35+00:00
E-391,active,,VİNTAGE RUG,,,,0,0,0x0,2026-05-12T01:15:35+00:00
E-392,active,,VİNTAGE RUG,,,,0,0,0x0,2026-05-12T01:15:35+00:00
E-393,active,,VİNTAGE RUG,,,,0,0,0x0,2026-05-12T01:15:35+00:00
E-394,active,,VİNTAGE RUG,,,,0,0,0x0,2026-05-12T01:15:35+00:00
E-395,active,,VİNTAGE RUG,,,,0,0,0x0,2026-05-12T01:15:35+00:00
E-396,active,,VİNTAGE RUG,,,,0,0,0x0,2026-05-12T01:15:35+00:00
E-397,active,,VİNTAGE RUG,,,,0,0,0x0,2026-05-12T01:15:35+00:00
E-398,active,,VİNTAGE RUG,,,,0,0,0x0,2026-05-12T01:15:35+00:00
E-399,active,,VİNTAGE RUG,,,,0,0,0x0,2026-05-12T01:15:35+00:00
E-40,active,,VİNTAGE RUG,,,,0,0,0x0,2026-05-12T01:15:35+00:00
E-400,active,,VİNTAGE RUG,,,,0,0,0x0,2026-05-12T01:15:35+00:00
E-41,active,,VİNTAGE RUG,,,,0,0,0x0,2026-05-12T01:15:35+00:00
E-42,active,,VİNTAGE RUG,,,,0,0,0x0,2026-05-12T01:15:35+00:00
E-43,active,,VİNTAGE RUG,,,,0,0,0x0,2026-05-12T01:15:35+00:00
E-44,active,,VİNTAGE RUG,,,,0,0,0x0,2026-05-12T01:15:35+00:00
E-45,active,,VİNTAGE RUG,,,,0,0,0x0,2026-05-12T01:15:35+00:00
E-46,active,,VİNTAGE RUG,,,,0,0,0x0,2026-05-12T01:15:35+00:00
E-47,active,,VİNTAGE RUG,,,,0,0,0x0,2026-05-12T01:15:35+00:00
E-48,active,,VİNTAGE RUG,,,,0,0,0x0,2026-05-12T01:15:35+00:00
E-49,active,,VİNTAGE RUG,,,,0,0,0x0,2026-05-12T01:15:35+00:00
E-50,active,,VİNTAGE RUG,,,,0,0,0x0,2026-05-12T01:15:35+00:00
E-51,active,,VİNTAGE RUG,,,,0,0,0x0,2026-05-12T01:15:35+00:00
E-52,active,,VİNTAGE RUG,,,,0,0,0x0,2026-05-12T01:15:35+00:00
E-53,active,,VİNTAGE RUG,,,,0,0,0x0,2026-05-12T01:15:35+00:00
E-54,active,,VİNTAGE RUG,,,,0,0,0x0,2026-05-12T01:15:35+00:00
E-55,active,,VİNTAGE RUG,,,,0,0,0x0,2026-05-12T01:15:35+00:00
E-56,active,,VİNTAGE RUG,,,,0,0,0x0,2026-05-12T01:15:35+00:00
E-57,active,,VİNTAGE RUG,,,,0,0,0x0,2026-05-12T01:15:35+00:00
E-58,active,,VİNTAGE RUG,,,,0,0,0x0,2026-05-12T01:15:35+00:00
E-59,active,,VİNTAGE RUG,,,,0,0,0x0,2026-05-12T01:15:35+00:00
E-60,active,,VİNTAGE RUG,,,,0,0,0x0,2026-05-12T01:15:35+00:00
E-61,active,,VİNTAGE RUG,,,,0,0,0x0,2026-05-12T01:15:35+00:00
E-62,active,,VİNTAGE RUG,,,,0,0,0x0,2026-05-12T01:15:35+00:00
E-63,active,,VİNTAGE RUG,,,,0,0,0x0,2026-05-12T01:15:35+00:00
E-64,active,,VİNTAGE RUG,,,,0,0,0x0,2026-05-12T01:15:35+00:00
E-65,active,,VİNTAGE RUG,,,,0,0,0x0,2026-05-12T01:15:35+00:00
E-66,active,,VİNTAGE RUG,,,,0,0,0x0,2026-05-12T01:15:35+00:00
E-67,active,,VİNTAGE RUG,,,,0,0,0x0,2026-05-12T01:15:35+00:00
E-68,active,,VİNTAGE RUG,,,,0,0,0x0,2026-05-12T01:15:35+00:00
E-69,active,,VİNTAGE RUG,,,,0,0,0x0,2026-05-12T01:15:35+00:00
E-7,active,,VİNTAGE RUG,,,,0,0,0x0,2026-05-12T01:15:35+00:00
E-70,active,,VİNTAGE RUG,,,,0,0,0x0,2026-05-12T01:15:35+00:00
E-71,active,,VİNTAGE RUG,,,,0,0,0x0,2026-05-12T01:15:35+00:00
E-72,active,,VİNTAGE RUG,,,,0,0,0x0,2026-05-12T01:15:35+00:00
E-73,active,,VİNTAGE RUG,,,,0,0,0x0,2026-05-12T01:15:35+00:00
E-74,active,,VİNTAGE RUG,,,,0,0,0x0,2026-05-12T01:15:35+00:00
E-75,active,,VİNTAGE RUG,,,,0,0,0x0,2026-05-12T01:15:35+00:00
E-76,active,,VİNTAGE RUG,,,,0,0,0x0,2026-05-12T01:15:35+00:00
E-77,active,,VİNTAGE RUG,,,,0,0,0x0,2026-05-12T01:15:35+00:00
E-78,active,,VİNTAGE RUG,,,,0,0,0x0,2026-05-12T01:15:35+00:00
E-79,active,,VİNTAGE RUG,,,,0,0,0x0,2026-05-12T01:15:35+00:00
E-8,active,,VİNTAGE RUG,,,,0,0,0x0,2026-05-12T01:15:35+00:00
E-80,active,,VİNTAGE RUG,,,,0,0,0x0,2026-05-12T01:15:35+00:00
E-82,active,,VİNTAGE RUG,,,,0,0,0x0,2026-05-12T01:15:35+00:00
E-83,active,,VİNTAGE RUG,,,,0,0,0x0,2026-05-12T01:15:35+00:00
E-84,active,,VİNTAGE RUG,,,,0,0,0x0,2026-05-12T01:15:35+00:00
E-85,active,,VİNTAGE RUG,,,,0,0,0x0,2026-05-12T01:15:35+00:00
E-86,active,,VİNTAGE RUG,,,,0,0,0x0,2026-05-12T01:15:35+00:00
E-87,active,,VİNTAGE RUG,,,,0,0,0x0,2026-05-12T01:15:35+00:00
E-88,active,,VİNTAGE RUG,,,,0,0,0x0,2026-05-12T01:15:35+00:00
E-89,active,,VİNTAGE RUG,,,,0,0,0x0,2026-05-12T01:15:35+00:00
E-9,active,,VİNTAGE RUG,,,,0,0,0x0,2026-05-12T01:15:35+00:00
E-90,active,,VİNTAGE RUG,,,,0,0,0x0,2026-05-12T01:15:35+00:00
E-91,active,,VİNTAGE RUG,,,,0,0,0x0,2026-05-12T01:15:35+00:00
E-92,active,,VİNTAGE RUG,,,,0,0,0x0,2026-05-12T01:15:35+00:00
E-93,active,,VİNTAGE RUG,,,,0,0,0x0,2026-05-12T01:15:35+00:00
E-94,active,,VİNTAGE RUG,,,,0,0,0x0,2026-05-12T01:15:35+00:00
E-95,active,,VİNTAGE RUG,,,,0,0,0x0,2026-05-12T01:15:35+00:00
E-96,active,,VİNTAGE RUG,,,,0,0,0x0,2026-05-12T01:15:35+00:00
E-98,active,,VİNTAGE RUG,,,,0,0,0x0,2026-05-12T01:15:35+00:00
E-99,active,,VİNTAGE RUG,,,,0,0,0x0,2026-05-12T01:15:35+00:00
İ-100,active,,VİNTAGE RUG,,,,0,0,0x0,2026-05-12T01:15:35+00:00
İ-94,active,,VİNTAGE RUG,,,,0,0,0x0,2026-05-12T01:15:35+00:00
İ-95,active,,VİNTAGE RUG,,,,0,0,0x0,2026-05-12T01:15:35+00:00
İ-96,active,,VİNTAGE RUG,,,,0,0,0x0,2026-05-12T01:15:35+00:00
İ-97,active,,VİNTAGE RUG,,,,0,0,0x0,2026-05-12T01:15:35+00:00
İ-98,active,,VİNTAGE RUG,,,,0,0,0x0,2026-05-12T01:15:35+00:00
İ-99,active,,VİNTAGE RUG,,,,0,0,0x0,2026-05-12T01:15:35+00:00
